{
    "JOINT_1": 0.0,
    "JOINT_2": 1.4225228309631348e+01,
    "JOINT_3": 1.3059263610839844e+02,
    "JOINT_4": -1.1944139862060547e+02,
    "JOINT_5": 90.0,
    "JOINT_6": 9.0002609252929688e+01,
    "X": 5.8316375732421875e+02,
    "Y": -1.1022093963623047e+02,
    "Z": 2.6742047119140625e+02,
    "RX": 9.0450836181640625e+01,
    "RY": 6.4622032165527344e+01,
    "RZ": -1.7936601257324219e+02,
    "JOINT_ACC": -1.0,
    "JOINT_SPD": -1.0,
    "TCP_ACC": -1.0,
    "TCP_SPD": -1.0
}
