{
    "JOINT_1": 0.0,
    "JOINT_2": -2.1755104535259306e-04,
    "JOINT_3": 1.4500016784667969e+02,
    "JOINT_4": -9.0000434875488281e+01,
    "JOINT_5": 9.0000869750976563e+01,
    "JOINT_6": -6.5265316516160965e-04,
    "X": 4.4600769042968750e+02,
    "Y": -1.1070323181152344e+02,
    "Z": 1.5469177246093750e+02,
    "RX": 5.5000419616699219e+01,
    "RY": 1.8354381620883942e-01,
    "RZ": 9.0226127624511719e+01,
    "JOINT_ACC": -1.0,
    "JOINT_SPD": -1.0,
    "TCP_ACC": -1.0,
    "TCP_SPD": -1.0
}
