{
    "JOINT_1": 0.0,
    "JOINT_2": 1.4225228309631348e+01,
    "JOINT_3": 1.3059263610839844e+02,
    "JOINT_4": -1.1944509887695313e+02,
    "JOINT_5": 90.0,
    "JOINT_6": 2.1755104535259306e-04,
    "X": 5.8316375732421875e+02,
    "Y": -1.1022093963623047e+02,
    "Z": 2.6742050170898438e+02,
    "RX": 2.5377273559570313e+01,
    "RY": 1.9322146475315094e-01,
    "RZ": 9.0226646423339844e+01,
    "JOINT_ACC": -1.0,
    "JOINT_SPD": -1.0,
    "TCP_ACC": -1.0,
    "TCP_SPD": -1.0
}
