{
    "JOINT_1": 3.0457146931439638e-03,
    "JOINT_2": 4.3510209070518613e-04,
    "JOINT_3": -130.0,
    "JOINT_4": -245.0,
    "JOINT_5": 270.0,
    "JOINT_6": 0.0,
    "ACC": -1.0,
    "SPD": -1.0
}
