{
    "JOINT_1": 2.1881284713745117e+00,
    "JOINT_2": 8.7427244186401367e+00,
    "JOINT_3": -3.7674186706542969e+01,
    "JOINT_4": -3.4273080444335938e+02,
    "JOINT_5": 2.5849591064453125e+02,
    "JOINT_6": -7.2833267211914062e+01,
    "ACC": -1.0,
    "SPD": -1.0
}
