{
    "JOINT_1": 1.8506078049540520e-02,
    "JOINT_2": -2.7104230880737305e+01,
    "JOINT_3": -1.0371119689941406e+02,
    "JOINT_4": -2.4418415832519531e+02,
    "JOINT_5": 2.6998355102539062e+02,
    "JOINT_6": -1.3009299524128437e-02,
    "ACC": -1.0,
    "SPD": -1.0
}
