{
    "JOINT_1": -3.5447218418121338e+00,
    "JOINT_2": -5.4966263771057129e+00,
    "JOINT_3": -1.1877236175537109e+02,
    "JOINT_4": -3.2694076538085938e+02,
    "JOINT_5": 2.6996548461914062e+02,
    "JOINT_6": -7.4936325073242188e+01,
    "ACC": -1.0,
    "SPD": -1.0
}
