{
    "JOINT_1": -3.5095336437225342e+00,
    "JOINT_2": 1.4184328913688660e-01,
    "JOINT_3": -1.1045197296142578e+02,
    "JOINT_4": -3.4089965820312500e+02,
    "JOINT_5": 2.6997866821289062e+02,
    "JOINT_6": -7.4941772460937500e+01,
    "ACC": -1.0,
    "SPD": -1.0
}
